접수일자,도로명주소,지번주소,세부사항,기타 사항,위도,경도,경계석파손,보도파손,도로파손,포트홀,측구파손,보도방치,경계석방치,보도돌출
2021-06-01,서울특별시 구로구 고척로33길 17,서울특별시 구로구 고척동 253-79,,,37.5034003,126.8487451,Y,N,N,N,N,N,N,N
2021-06-01,,서울특별시 구로구 구로동 642-4,,주소지미존재,,,N,Y,N,N,N,N,N,N
2021-06-01,서울특별시 구로구 부일로1길 11,서울특별시 구로구 온수동 57-16,,,37.49189503,126.8212814,N,N,Y,N,N,N,N,N
2021-06-01,,서울특별시 구로구 구로4동 771-14,,주소지미존재,,,N,N,Y,N,N,N,N,N
2021-06-01,,서울특별시 구로구 천왕동 282-10,,주소지미존재,,,N,N,Y,N,N,N,N,N
2021-06-01,서울특별시 구로구 가마산로20길 38,서울특별시 구로구 구로동 329-42,,,37.4919349,126.8861571,N,N,Y,N,N,N,N,N
2021-06-01,서울특별시 구로구 새말로 120,서울특별시 구로구 구로동 26-1,,,37.50632083,126.8928253,N,N,Y,N,N,N,N,N
2021-06-02,,서울특별시 구로구 구로동 1201,,주소지미존재,,,N,Y,N,N,N,N,N,N
2021-06-02,서울특별시 구로구 경인로13길 5,서울특별시 구로구 오류동 81-142,,,37.49435507,126.8390392,N,N,Y,N,N,N,N,N
2021-06-02,서울특별시 구로구 경인로 152,서울특별시 구로구 오류동 77-19,서울특별시 구로구 경인로152~154부근,,37.49333775,126.8387138,N,Y,N,N,N,N,N,N
2021-06-02,서울특별시 구로구 고척로 7,서울특별시 구로구 오류동 9-52,,,37.49549804,126.8405325,N,N,Y,N,N,N,N,N
2021-06-02,서울특별시 구로구 고척로1길 23,서울특별시 구로구 오류동 81-26,,,37.49486218,126.8395166,N,N,Y,N,N,N,N,N
2021-06-02,서울특별시 구로구 고척로1길 33,서울특별시 구로구 오류동 81-149,,,37.49467934,126.8391018,N,N,Y,N,N,N,N,N
2021-06-02,서울특별시 구로구 서해안로34가길 3,서울특별시 구로구 개봉동 310-8,서울특별시 구로구 서해안로34가길 대진빌라옆,,37.4945198,126.8485978,N,Y,N,N,N,N,N,N
2021-06-02,,서울특별시 구로구 온수동 93-2,서울특별시 구로구 온수동 93-2~부천경계,주소지미존재,,,N,N,Y,N,N,N,N,N
2021-06-02,서울특별시 구로구 구일로2길 29,서울특별시 구로구 구로동 700-32,,,37.48894481,126.8773341,N,N,Y,N,N,N,N,N
2021-06-03,서울특별시 구로구 부일로9길 78,서울특별시 구로구 궁동 237-10,,,37.49606778,126.824905,N,Y,N,N,N,N,N,N
2021-06-03,서울특별시 구로구 부일로9길 78,서울특별시 구로구 궁동 237-10,,,37.49606778,126.824905,N,Y,N,N,N,N,N,N
2021-06-03,서울특별시 구로구 부일로9길 90-2,서울특별시 구로구 궁동 238-3,,,37.49633666,126.8244302,Y,N,N,N,N,N,N,N
2021-06-03,서울특별시 구로구 부일로9길 92,서울특별시 구로구 궁동 238,,,37.49643686,126.8242552,N,Y,N,N,N,N,N,N
2021-06-03,서울특별시 구로구 오리로21길 110,서울특별시 구로구 궁동 237-12,,,37.49586574,126.8251231,N,Y,N,N,N,N,N,N
2021-06-03,서울특별시 구로구 부일로9길 1333,,,주소지미존재,,,N,Y,N,N,N,N,N,N
2021-06-03,서울특별시 구로구 공원로 54,서울특별시 구로구 구로동 45-9,,,37.50259229,126.8901814,Y,N,N,N,N,N,N,N
2021-06-03,서울특별시 구로구 공원로 54,서울특별시 구로구 구로동 45-9,,,37.50259229,126.8901814,N,Y,N,N,N,N,N,N
2021-06-03,서울특별시 구로구 부일로9길 49,서울특별시 구로구 온수동 7-5,,,37.49467081,126.8254152,N,N,Y,N,N,N,N,N
2021-06-04,서울특별시 구로구 공원로 73-1,서울특별시 구로구 구로동 50,,,37.50302756,126.8883489,N,Y,N,N,N,N,N,N
2021-06-04,,서울특별시 구로구 구로3동 793-19,,주소지미존재,,,N,Y,N,N,N,N,N,N
2021-06-04,,서울특별시 구로구 구로동 63,,주소지미존재,,,N,Y,N,N,N,N,N,N
2021-06-04,서울특별시 구로구 가마산로 241-1,서울특별시 구로구 구로동 65,,,37.49477647,126.8876395,N,Y,N,N,N,N,N,N
2021-06-04,,서울특별시 구로구 구로3동 1124-13,,주소지미존재,,,N,Y,N,N,N,N,N,N
2021-06-04,서울특별시 구로구 고척로52나길 25,서울특별시 구로구 고척동 156-1,,,37.50512671,126.8573602,N,Y,N,N,N,N,N,N
2021-06-04,,서울특별시 구로구 신도림동 323-4,,주소지미존재,,,N,N,Y,Y,N,N,N,N
2021-06-04,,서울특별시 구로구 궁동 40-7,,주소지미존재,,,Y,N,N,N,N,N,N,N
2021-06-04,서울특별시 구로구 부일로9길 133,서울특별시 구로구 온수동 141,,,37.49690229,126.8221862,N,Y,N,N,N,N,N,N
2021-06-04,서울특별시 구로구 부일로9길 87,서울특별시 구로구 온수동 5-1,,,37.49612702,126.8242021,N,Y,N,N,N,N,N,N
2021-06-04,,서울특별시 구로구 구로동 614-86,,주소지미존재,,,N,N,Y,Y,N,N,N,N
2021-06-04,,서울특별시 구로구 고척동 62-127,,주소지미존재,,,N,N,Y,N,N,N,N,N
2021-06-04,서울특별시 구로구 경인로 407,서울특별시 구로구 고척동 76-74,,,37.49823885,126.8646866,N,N,N,N,Y,N,N,N
2021-06-04,서울특별시 구로구 경인로33길 67,서울특별시 구로구 개봉동 131-28,,,37.50089384,126.8508394,N,Y,N,N,N,N,N,N
2021-06-04,서울특별시 구로구 구로중앙로 28,서울특별시 구로구 구로동 138-26,,,37.49254219,126.8913392,N,N,Y,N,N,N,N,N
2021-06-04,서울특별시 구로구 새말로 117-23,서울특별시 구로구 구로동 1-4,,,37.50786593,126.8917044,N,N,Y,N,N,N,N,N
2021-06-07,서울특별시 구로구 중앙로 6,서울특별시 구로구 고척동 76-380,서울특별시 구로구 고산초에서 국민은행앞 보도,,37.49897255,126.8647727,N,Y,N,N,N,N,N,N
2021-06-07,서울특별시 구로구 개봉로23가길 76,서울특별시 구로구 개봉동 416-275,,,37.49466969,126.8602648,N,N,Y,N,N,N,N,N
2021-06-07,,서울특별시 구로구 개봉동 202-27,,주소지미존재,,,N,N,Y,N,N,N,N,N
2021-06-07,서울특별시 구로구 구로동로7라길 21,서울특별시 구로구 가리봉동 2-96,,,37.48651801,126.8812752,N,N,Y,N,N,N,N,N
2021-06-07,서울특별시 구로구 오리로22다길 18,서울특별시 구로구 궁동 137-2,,,37.50121442,126.8307198,N,N,Y,N,N,N,N,N
2021-06-07,서울특별시 구로구 남부순환로105길 186,서울특별시 구로구 가리봉동 26-11,,,37.4838579,126.8844826,N,N,Y,N,N,N,N,N
2021-06-07,서울특별시 구로구 고척로21가길 3,서울특별시 구로구 개봉동 62-3,,,37.50224018,126.8457632,N,N,Y,N,N,N,N,N
2021-06-07,서울특별시 구로구 오리로22가길 33,서울특별시 구로구 궁동 111-1,,,37.50039313,126.8296336,N,N,Y,N,N,N,N,N
2021-06-07,서울특별시 구로구 경인로 584,서울특별시 구로구 신도림동 412-9,,,37.50382118,126.881697,N,N,Y,N,N,N,N,N
2021-06-07,서울특별시 구로구 공원로 110,,,주소지미존재,,,N,N,Y,N,N,N,N,N
2021-06-07,서울특별시 구로구 고척로27길 7,서울특별시 구로구 개봉동 122-16,,,37.50238151,126.8473304,N,N,Y,N,N,N,N,N
2021-06-08,서울특별시 구로구 경인로 673-1,서울특별시 구로구 신도림동 314-2,,,37.50984687,126.8890751,N,Y,N,N,N,N,N,N
2021-06-08,서울특별시 구로구 구로중앙로 221-1,서울특별시 구로구 구로동 604-15,,,37.50548038,126.876678,N,Y,N,N,N,N,N,N
2021-06-08,서울특별시 구로구 개봉로6길 23,서울특별시 구로구 개봉동 288-28,,,37.48716308,126.8575842,N,N,Y,N,N,N,N,N
2021-06-08,서울특별시 구로구 오류로8길 72,서울특별시 구로구 오류동 147-2,,,37.49262229,126.8441679,N,N,Y,Y,N,N,N,N
2021-06-08,서울특별시 구로구 도림로20가길 38,서울특별시 구로구 구로동 171-12,,,37.48773414,126.8934116,N,N,Y,N,N,N,N,N
2021-06-08,,서울특별시 구로구 구로동 603-26,,주소지미존재,,,N,Y,N,N,N,N,N,N
2021-06-08,서울특별시 구로구 고척로1길 14-22,서울특별시 구로구 오류동 6-161,,,37.49585089,126.8394771,N,N,Y,N,N,N,N,N
2021-06-08,서울특별시 구로구 구일로 62,서울특별시 구로구 구로동 685-219,,,37.49177716,126.8743642,N,N,Y,N,N,N,N,N
2021-06-09,서울특별시 구로구 개봉로16길 18-18,서울특별시 구로구 개봉동 264-22,,,37.4894333,126.8571729,Y,N,N,N,N,N,N,N
2021-06-09,서울특별시 구로구 구로동로 126,서울특별시 구로구 구로동 732-2,,,37.48977744,126.884486,N,N,Y,N,N,N,N,N
2021-06-09,서울특별시 구로구 구로동로 126-16,서울특별시 구로구 구로동 733-12,,,37.4900142,126.8851147,N,N,Y,N,N,N,N,N
2021-06-09,서울특별시 구로구 안양천로539길 6,서울특별시 구로구 고척동 60-2,,,37.5050772,126.8705414,N,N,Y,N,N,N,N,N
2021-06-09,서울특별시 구로구 구로동로49길 9,서울특별시 구로구 구로동 496-57,,,37.49933045,126.8818505,N,N,Y,N,N,N,N,N
2021-06-09,서울특별시 구로구 경인로15길 22,서울특별시 구로구 오류동 6-11,,,37.4954745,126.8391859,N,Y,N,N,N,N,N,N
2021-06-09,서울특별시 구로구 오리로 1289,서울특별시 구로구 궁동 283-7,,,37.49655652,126.8293583,N,Y,N,N,N,N,N,N
2021-06-09,서울특별시 구로구 부일로 965,서울특별시 구로구 궁동 199-6,,,37.49337903,126.8344857,N,Y,N,N,N,N,N,N
2021-06-09,서울특별시 구로구 경인로 352,서울특별시 구로구 개봉동 170-33,,,37.49670488,126.8592749,N,Y,N,N,N,N,N,N
2021-06-09,서울특별시 구로구 구로동로26길 106,서울특별시 구로구 구로동 313-96,,,37.49006345,126.8898981,N,N,Y,N,N,N,N,N
2021-06-09,서울특별시 구로구 구로중앙로28길 31-44,서울특별시 구로구 구로동 553-2,,,37.50100991,126.8867982,N,N,Y,N,N,N,N,N
2021-06-10,서울특별시 구로구 경인로47길 30,서울특별시 구로구 고척동 52-235,,,37.50077094,126.8664161,N,Y,N,N,N,N,N,N
2021-06-10,서울특별시 구로구 개봉로23가길 30,서울특별시 구로구 개봉동 416-146,,,37.49506475,126.8580465,Y,N,N,N,N,N,N,N
2021-06-10,서울특별시 구로구 공원로6가길 76,서울특별시 구로구 구로동 24,,,37.50493825,126.8897073,N,Y,N,N,N,N,N,N
2021-06-10,서울특별시 구로구 구로동로3길 9,서울특별시 구로구 가리봉동 88-56,,,37.4839933,126.8861283,N,N,Y,N,N,N,N,N
2021-06-10,서울특별시 구로구 신도림로 26,서울특별시 구로구 신도림동 398-28,,,37.50714192,126.8795527,N,N,Y,N,N,N,N,N
2021-06-11,,서울특별시 구로구 고척동 76-95,,주소지미존재,,,N,Y,N,N,N,N,N,N
2021-06-11,서울특별시 구로구 오리로13길 82,서울특별시 구로구 오류동 245-7,,,37.48770146,126.8300675,Y,N,N,N,N,N,N,N
2021-06-11,서울특별시 구로구 경인로53길 59,서울특별시 구로구 구로동 614-47,,,37.50330313,126.8749871,N,N,Y,N,N,N,N,N
2021-06-11,,서울특별시 구로구 구로동 642-53,,주소지미존재,,,N,N,Y,N,N,N,N,N
2021-06-11,서울특별시 구로구 디지털로26길 87,서울특별시 구로구 구로동 829,,,37.4816772,126.8969654,Y,N,N,N,N,N,N,N
2021-06-11,서울특별시 구로구 구로중앙로 33,서울특별시 구로구 구로동 136-46,,,37.49271042,126.8904727,N,Y,N,N,N,N,N,N
2021-06-11,서울특별시 구로구 디지털로31길 109,서울특별시 구로구 구로동 777-39,서울특별시 구로구 구로3동 주민센터앞,,37.48734704,126.89033,N,Y,N,N,N,N,N,N
2021-06-11,,서울특별시 구로구 고척동 197-20,,주소지미존재,,,N,Y,N,N,N,N,N,N
2021-06-11,,서울특별시 구로구 구로동 166-24,,주소지미존재,,,N,N,Y,N,N,N,N,N
2021-06-11,서울특별시 구로구 고척로20길 26,서울특별시 구로구 개봉동 68-63,,,37.50010105,126.8460618,N,N,Y,N,N,N,N,N
2021-06-11,서울특별시 구로구 고척로 87,서울특별시 구로구 개봉동 60-5,,,37.5008308,126.8440966,N,N,Y,N,N,N,N,N
2021-06-11,서울특별시 구로구 구로중앙로 48,서울특별시 구로구 구로동 90,,,37.49485972,126.8910999,N,N,Y,N,N,N,N,N
2021-06-11,서울특별시 구로구 구로중앙로 60,서울특별시 구로구 구로동 98,,,37.49513179,126.8894096,N,N,Y,N,N,N,N,N
2021-06-14,서울특별시 구로구 고척로21나길 8,서울특별시 구로구 개봉동 33-161,,,37.50302612,126.845205,N,Y,N,N,N,N,N,N
2021-06-14,서울특별시 구로구 경인로40길 47,서울특별시 구로구 개봉동 415,,,37.49452225,126.8591026,N,Y,N,N,N,N,N,N
2021-06-14,서울특별시 구로구 구로동로 141,서울특별시 구로구 구로동 704-57,,,37.4913197,126.883399,Y,N,N,N,N,N,N,N
2021-06-14,서울특별시 구로구 도림로23길 7,서울특별시 구로구 구로동 148-12,,,37.49101672,126.8931415,N,Y,N,N,N,N,N,N
2021-06-14,서울특별시 구로구 고척로20길 62,서울특별시 구로구 개봉동 70-47,,,37.49863326,126.846785,N,N,Y,N,N,N,N,N
2021-06-15,서울특별시 구로구 경인로47길 76,서울특별시 구로구 고척동 52-49,,,37.50219264,126.8645261,N,Y,N,N,N,N,N,N
2021-06-15,서울특별시 구로구 경인로47길 31,서울특별시 구로구 고척동 76-88,,,37.50060072,126.866088,N,N,Y,N,N,N,N,N
2021-06-15,,서울특별시 구로구 구로동 566-16,,주소지미존재,,,N,N,Y,N,N,N,N,N
2021-06-15,서울특별시 구로구 구로중앙로42길 33,서울특별시 구로구 신도림동 286-7,,,37.50837292,126.8758528,N,N,Y,N,N,N,N,N
2021-06-15,서울특별시 구로구 구로중앙로42길 33,서울특별시 구로구 신도림동 286-7,,,37.50837292,126.8758528,N,N,Y,N,N,N,N,N
2021-06-15,,서울특별시 구로구 구로2동 467-62,,주소지미존재,,,N,N,Y,N,N,N,N,N
2021-06-15,,서울특별시 구로구 구로2동 730-49,,주소지미존재,,,N,N,Y,N,N,N,N,N
2021-06-15,서울특별시 구로구 개봉로1다길 13-25,서울특별시 구로구 개봉동 313-33,,,37.48191631,126.8515614,N,N,Y,N,N,N,N,N
2021-06-15,,서울특별시 구로구 구로동 212-35,,주소지미존재,,,N,N,N,N,Y,N,N,N
2021-06-15,서울특별시 구로구 고척로20길 18-3,서울특별시 구로구 개봉동 68-66,,,37.50024103,126.845969,N,N,Y,N,N,N,N,N
2021-06-15,,서울특별시 구로구 개봉동 183-5,,주소지미존재,,,Y,N,N,N,N,N,N,N
2021-06-16,서울특별시 구로구 천왕로 29,서울특별시 구로구 천왕동 273,,,37.48080098,126.8385945,N,Y,N,N,N,N,N,N
2021-06-16,서울특별시 구로구 개봉로2길 87-1,서울특별시 구로구 개봉동 276-12,,,37.48878671,126.8597052,Y,N,N,N,N,N,N,N
2021-06-16,서울특별시 구로구 남부순환로105가길 22,서울특별시 구로구 가리봉동 136-59,,,37.47978136,126.8929746,N,N,Y,N,N,N,N,N
2021-06-16,서울특별시 구로구 구로동로22길 82,서울특별시 구로구 구로동 770-75,,,37.48828999,126.8884511,N,N,Y,N,N,N,N,N
2021-06-16,,서울특별시 구로구 신도림동 338-6,,주소지미존재,,,N,Y,N,N,N,N,N,N
2021-06-16,서울특별시 구로구 고척로25길 21,서울특별시 구로구 개봉동 97-8,,,37.50284673,126.8467987,N,N,Y,N,N,N,N,N
2021-06-16,서울특별시 구로구 구로중앙로 20-1,서울특별시 구로구 구로동 138-12,,,37.49208143,126.8917502,N,N,Y,N,N,N,N,N
2021-06-16,서울특별시 구로구 디지털로33길 58,서울특별시 구로구 구로동 197-24,,,37.48740149,126.8935065,N,N,Y,N,N,N,N,N
2021-06-16,서울특별시 구로구 구일로2길 29,서울특별시 구로구 구로동 700-32,,,37.48894481,126.8773341,N,N,Y,N,N,N,N,N
2021-06-16,서울특별시 구로구 구로동로22길 76,서울특별시 구로구 구로동 768-12,,,37.48855091,126.8882469,N,N,Y,N,N,N,N,N
2021-06-17,,서울특별시 구로구 개봉동 375-1,,주소지미존재,,,N,N,Y,N,N,N,N,N
2021-06-17,서울특별시 구로구 중앙로 13,서울특별시 구로구 고척동 76-27,,,37.49917235,126.8641089,N,N,N,N,Y,N,N,N
2021-06-17,서울특별시 구로구 디지털로27길 113,서울특별시 구로구 가리봉동 89-161,,,37.48463112,126.8878162,N,N,Y,N,N,N,N,N
2021-06-17,서울특별시 구로구 구로동로7다길 15,서울특별시 구로구 가리봉동 2-201,,,37.48672972,126.8824177,N,N,Y,N,N,N,N,N
2021-06-17,서울특별시 구로구 구로중앙로28길 73,서울특별시 구로구 구로동 110-6,,,37.50084876,126.8893183,Y,Y,N,N,N,N,N,N
2021-06-18,서울특별시 구로구 경인로 183,서울특별시 구로구 오류동 6-5,,,37.49525748,126.8413394,N,Y,N,N,N,N,N,N
2021-06-18,서울특별시 구로구 구로중앙로27가길 5-14,서울특별시 구로구 구로동 512-35,,,37.49780215,126.8854956,N,N,Y,N,N,N,N,N
2021-06-18,,서울특별시 구로구 구로동 683-5,,주소지미존재,,,N,N,Y,N,N,N,N,N
2021-06-18,,서울특별시 구로구 구로동 325-29,,주소지미존재,,,N,N,Y,N,N,N,N,N
2021-06-18,서울특별시 구로구 고척로10길 65,서울특별시 구로구 오류동 13-55,,,37.49644297,126.842175,N,Y,N,N,N,N,N,N
2021-06-18,서울특별시 구로구 경인로 181,서울특별시 구로구 오류동 6-117,,,37.49516236,126.8413598,N,Y,N,N,N,N,N,N
2021-06-18,서울특별시 구로구 경인로20나길 36,서울특별시 구로구 오류동 46-2,,,37.49458635,126.8419693,N,N,Y,N,N,N,N,N
2021-06-21,서울특별시 구로구 중앙로 101,서울특별시 구로구 고척동 329,,,37.50628298,126.8599326,N,Y,N,N,N,N,N,N
2021-06-21,서울특별시 구로구 경인로67길 149,서울특별시 구로구 신도림동 324-4,,,37.51376124,126.8832346,N,N,Y,N,N,N,N,N
2021-06-21,서울특별시 구로구 구로중앙로 60,서울특별시 구로구 구로동 98,,,37.49513179,126.8894096,N,N,Y,N,N,N,N,N
2021-06-21,서울특별시 구로구 신도림로 78,서울특별시 구로구 신도림동 645,,,37.50938921,126.8847002,N,N,Y,N,N,N,N,N
2021-06-21,서울특별시 구로구 경인로66길 72,서울특별시 구로구 신도림동 439-24,,,37.50564834,126.8850861,N,N,Y,N,N,N,N,N
2021-06-21,서울특별시 구로구 중앙로15길 80,서울특별시 구로구 고척동 215-10,,,37.5069515,126.8555001,N,N,N,N,Y,N,N,N
2021-06-21,,서울특별시 구로구 궁동 123-2,,주소지미존재,,,N,N,Y,N,N,N,N,N
2021-06-21,서울특별시 구로구 오리로22다길 30,,,주소지미존재,,,N,N,Y,N,N,N,N,N
2021-06-21,서울특별시 구로구 오리로22다길 32,서울특별시 구로구 궁동 136-6,,,37.50109001,126.8314252,N,N,Y,N,N,N,N,N
2021-06-22,서울특별시 구로구 가마산로 250,서울특별시 구로구 구로동 83-4,,,37.49481403,126.8886765,N,N,Y,N,N,N,N,N
2021-06-22,서울특별시 구로구 중앙로6길 26,서울특별시 구로구 고척동 345,,,37.50028144,126.8650902,N,N,Y,N,N,N,N,N
2021-06-22,,서울특별시 구로구 구로동 212-9,,주소지미존재,,,N,N,Y,N,N,N,N,N
2021-06-23,,서울특별시 구로구 개봉동 372-1,,주소지미존재,,,Y,N,N,N,N,N,N,N
2021-06-23,,서울특별시 구로구 구로동 642-4,,주소지미존재,,,N,Y,N,N,N,N,N,N
2021-06-23,,서울특별시 구로구 온수동 약수터입구,,주소지미존재,,,N,N,Y,N,N,N,N,N
2021-06-24,서울특별시 구로구 경인로 343,서울특별시 구로구 고척동 336,,,37.4983033,126.8574325,N,Y,N,N,N,N,N,N
2021-06-24,서울특별시 구로구 디지털로 219,서울특별시 구로구 가리봉동 131-20,,,37.48003681,126.8902382,N,N,Y,N,N,N,N,N
2021-06-24,서울특별시 구로구 중앙로5길 20,서울특별시 구로구 고척동 52-359,,,37.50111425,126.8625918,N,N,Y,N,N,N,N,N
2021-06-24,서울특별시 구로구 가마산로 161-15,서울특별시 구로구 구로동 394-68,,,37.49033707,126.8804314,N,N,Y,N,N,N,N,N
2021-06-24,서울특별시 구로구 가마산로27길 34,서울특별시 구로구 구로동 106,,,37.49843887,126.8912928,N,Y,N,N,N,N,N,N
2021-06-25,서울특별시 구로구 구로중앙로 152,서울특별시 구로구 구로동 573,,,37.50116014,126.882773,N,N,Y,N,N,N,N,N
2021-06-25,서울특별시 구로구 구일로 94,서울특별시 구로구 구로동 685-500,,,37.49370595,126.8721798,N,N,Y,N,N,N,N,N
2021-06-29,,서울특별시 구로구 개봉동 174-1,,주소지미존재,,,N,Y,N,N,N,N,N,N
2021-06-29,서울특별시 구로구 경서로 6,서울특별시 구로구 고척동 94-8,,,37.49803059,126.8569267,N,Y,N,N,N,N,N,N
2021-06-29,서울특별시 구로구 시흥대로161가길 16-10,서울특별시 구로구 구로동 1130-35,,,37.4806239,126.8982915,N,N,Y,N,N,N,N,N
2021-06-29,서울특별시 구로구 경인로 576,서울특별시 구로구 구로동 588,,,37.50306936,126.8812291,N,N,N,N,Y,N,N,N
2021-06-29,서울특별시 구로구 구로동로43길 17,서울특별시 구로구 구로동 463-25,,,37.49592313,126.8817754,N,N,Y,N,N,N,N,N
2021-06-29,서울특별시 구로구 새말로 117-23,서울특별시 구로구 구로동 1-4,,,37.50786593,126.8917044,N,N,Y,N,N,N,N,N
2021-07-01,서울특별시 구로구 중앙로 32,서울특별시 구로구 고척동 52-346,,,37.50076828,126.8638569,N,Y,N,N,N,N,N,N
2021-07-01,서울특별시 구로구 새말로 62,서울특별시 구로구 구로동 산 1-11,,,37.50390397,126.8872074,N,Y,N,N,N,N,N,N
2021-07-01,서울특별시 구로구 경인로 13,,,주소지미존재,,,N,N,Y,N,N,N,N,N
2021-07-01,서울특별시 구로구 구로동로41길 33,서울특별시 구로구 구로동 466-4,,,37.49464203,126.8816272,N,N,Y,N,N,N,N,N
2021-07-01,서울특별시 구로구 경인로53길 53,서울특별시 구로구 구로동 614-36,,,37.50303241,126.8752753,N,N,Y,N,N,N,N,N
2021-07-01,서울특별시 구로구 경인로47다길 10,서울특별시 구로구 고척동 57-20,,,37.50357267,126.8644131,N,N,N,N,N,Y,Y,N
2021-07-01,서울특별시 구로구 경인로47나길 20-8,서울특별시 구로구 고척동 52-148,,,37.50229558,126.86654,N,Y,N,N,N,N,N,N
2021-07-02,서울특별시 구로구 부일로15가길 3,서울특별시 구로구 궁동 202-4,,,37.49340891,126.8339465,N,Y,N,N,N,N,N,N
2021-07-02,서울특별시 구로구 구로중앙로8길 3,서울특별시 구로구 구로동 142-66,,,37.49214366,126.892203,N,N,Y,N,N,N,N,N
2021-07-02,서울특별시 구로구 경인로3길 지하 64,서울특별시 구로구 온수동 55-20,,,37.49215028,126.8233807,N,N,Y,N,N,N,N,N
2021-07-02,,서울특별시 구로구 구로동 35-5,,주소지미존재,,,N,N,Y,N,N,N,N,N
2021-07-02,,서울특별시 구로구 가리봉동 107-56,,주소지미존재,,,N,N,Y,N,N,N,N,N
2021-07-02,서울특별시 구로구 중앙로 60,서울특별시 구로구 고척동 50-71,,,37.50313832,126.862561,N,Y,N,N,N,N,N,N
2021-07-02,서울특별시 구로구 오리로22나길 16-9,서울특별시 구로구 궁동 143-10,,,37.50012731,126.8309366,N,Y,N,N,N,N,N,N
2021-07-02,,서울특별시 구로구 구로동 682-9,,주소지미존재,,,N,N,Y,N,N,N,N,N
2021-07-05,,서울특별시 구로구 구로동 396-6,,주소지미존재,,,N,N,Y,N,N,N,N,N
2021-07-05,,서울특별시 구로구 고척동 253-16,,주소지미존재,,,N,Y,N,N,N,N,N,N
2021-07-06,,서울특별시 구로구 구로동 141-7,,주소지미존재,,,N,Y,N,N,N,N,N,N
2021-07-06,,서울특별시 구로구 구로동 1130-60,,주소지미존재,,,N,Y,N,N,N,N,N,N
2021-07-06,,서울특별시 구로구 구로동 188-15,,주소지미존재,,,N,Y,N,N,N,N,N,N
2021-07-06,,서울특별시 구로구 구로동 642-4,,주소지미존재,,,N,Y,N,N,N,N,N,N
2021-07-06,,서울특별시 구로구 구로동 134-17,,주소지미존재,,,N,Y,N,N,N,N,N,N
2021-07-06,서울특별시 구로구 디지털로27길 33,서울특별시 구로구 구로동 237-25,,,37.4834005,126.8916573,N,Y,N,N,Y,N,N,N
2021-07-06,서울특별시 구로구 구로중앙로 31,서울특별시 구로구 구로동 136-40,,,37.49256631,126.8906213,N,Y,N,N,N,N,N,N
2021-07-06,서울특별시 구로구 경인로 590,서울특별시 구로구 신도림동 413-49,,,37.50441806,126.8823855,N,Y,N,N,N,N,N,N
2021-07-06,,서울특별시 구로구 신도림동 322-5,,주소지미존재,,,N,Y,N,N,N,N,N,N
2021-07-06,,서울특별시 구로구 구로동 1254,,주소지미존재,,,N,Y,N,N,N,N,N,N
2021-07-06,서울특별시 구로구 시흥대로 559-2,서울특별시 구로구 구로동 1125-12,,,37.48295444,126.9012541,N,N,N,N,Y,N,N,N
2021-07-06,서울특별시 구로구 시흥대로 559-2,서울특별시 구로구 구로동 1125-12,,,37.48295444,126.9012541,N,N,N,N,Y,N,N,N
2021-07-06,서울특별시 구로구 시흥대로 559-2,서울특별시 구로구 구로동 1125-12,,,37.48295444,126.9012541,N,Y,N,N,N,N,N,N
2021-07-06,서울특별시 구로구 디지털로27다길 43,서울특별시 구로구 구로동 791-61,,,37.48618177,126.8894637,N,N,Y,N,N,N,N,N
2021-07-06,서울특별시 구로구 새말로 117-23,서울특별시 구로구 구로동 1-4,,,37.50786593,126.8917044,N,N,Y,N,N,N,N,N
2021-07-07,서울특별시 구로구 구로중앙로9길 23,서울특별시 구로구 구로동 139-65,,,37.49165126,126.8903473,N,Y,N,N,N,N,N,N
2021-07-07,서울특별시 구로구 디지털로32가길 1,서울특별시 구로구 구로동 1127-33,,,37.48303171,126.8993904,N,N,Y,N,N,N,N,N
2021-07-07,서울특별시 구로구 고척로8길 8,서울특별시 구로구 오류동 14-66,,,37.49813106,126.8402044,`,N,Y,N,N,N,N,N
2021-07-07,서울특별시 구로구 새말로 117-6,서울특별시 구로구 구로동 3-55,,,37.5074418,126.8922686,N,N,Y,N,N,N,N,N
2021-07-07,서울특별시 구로구 구로중앙로 7,서울특별시 구로구 구로동 142-68,,,37.49088915,126.892261,N,N,Y,N,N,N,N,N
2021-07-08,,서울특별시 구로구 고척동 60-42,,주소지미존재,,,N,Y,N,N,N,N,N,N
2021-07-08,서울특별시 구로구 가마산로 241-1,서울특별시 구로구 구로동 65,,,37.49477647,126.8876395,N,Y,N,N,N,N,N,N
2021-07-08,서울특별시 구로구 고척로21나길 48-14,서울특별시 구로구 개봉동 33-112,,,37.50287834,126.8429412,N,N,Y,N,N,N,N,N
2021-07-08,서울특별시 구로구 남부순환로 1291,서울특별시 구로구 가리봉동 137-5,,,37.47888923,126.8943284,N,N,N,N,Y,N,N,N
2021-07-08,서울특별시 구로구 가마산로 291,서울특별시 구로구 구로동 106-6,,,37.49733734,126.8922198,N,N,Y,N,N,N,N,N
2021-07-09,서울특별시 구로구 부일로1길 7,서울특별시 구로구 온수동 57-9,,,37.49173231,126.8213445,N,N,Y,N,N,N,N,N
2021-07-09,서울특별시 구로구 경인로55길 58,서울특별시 구로구 구로동 610-16,,,37.50388696,126.87668,N,N,Y,N,N,N,N,N
2021-07-09,서울특별시 구로구 디지털로33길 27,서울특별시 구로구 구로동 197-5,,,37.4860566,126.8946693,N,N,Y,N,N,N,N,N
2021-07-09,서울특별시 구로구 디지털로33길 27,서울특별시 구로구 구로동 197-5,,,37.4860566,126.8946693,N,N,Y,N,N,N,N,N
2021-07-09,서울특별시 구로구 개봉로17다길 72,서울특별시 구로구 개봉동 307-35,,,37.49418736,126.8516061,N,N,Y,N,N,N,N,N
2021-07-09,서울특별시 구로구 경인로3길 26,서울특별시 구로구 온수동 38,,,37.49162665,126.8263832,N,N,Y,N,N,N,N,N
2021-07-09,"서울특별시 구로구 천왕로29길 ,오리로1154",,,주소지미존재,,,N,N,Y,N,N,N,N,N
2021-07-09,서울특별시 구로구 도림로 49,서울특별시 구로구 구로동 767-162,,,37.4884464,126.8894022,N,N,Y,N,N,N,N,N
2021-07-12,서울특별시 구로구 개봉로20길 78,서울특별시 구로구 개봉동 407-18,,,37.49326035,126.8586863,Y,N,N,N,N,N,N,N
2021-07-12,서울특별시 구로구 개봉로14길 24,서울특별시 구로구 개봉동 278-29,,,37.48856269,126.8582414,N,Y,N,N,N,N,N,N
2021-07-12,서울특별시 구로구 개봉로12길 43,서울특별시 구로구 개봉동 277-7,,,37.48824638,126.8589543,N,N,Y,N,N,N,N,N
2021-07-12,서울특별시 구로구 개봉로17마길 19,서울특별시 구로구 개봉동 321-7,,,37.49233351,126.8528803,N,N,Y,N,N,N,N,N
2021-07-12,서울특별시 구로구 경인로61길 21,서울특별시 구로구 신도림동 694,,,37.50772099,126.8841447,N,N,Y,N,N,N,N,N
2021-07-12,서울특별시 구로구 부일로 872,서울특별시 구로구 온수동 51-7,"서울특별시 구로구 온수역~럭비구장 사이 도로, 온수역~동 진빌라 가는 도로",,37.49247392,126.8240386,N,N,Y,N,N,N,N,N
2021-07-12,서울특별시 구로구 구로동로28길 2,서울특별시 구로구 구로동 730-76,,,37.49069562,126.8842701,N,N,Y,N,N,N,N,N
2021-07-12,서울특별시 구로구 구로중앙로 197,서울특별시 구로구 신도림동 406-10,,,37.50390643,126.8779048,N,N,Y,N,N,N,N,N
2021-07-12,서울특별시 구로구 구로중앙로 77,서울특별시 구로구 구로동 442-12,,,37.49622285,126.8877294,N,N,Y,N,N,N,N,N
2021-07-12,서울특별시 구로구 구로중앙로28길 65,서울특별시 구로구 구로동 111-16,,,37.50047025,126.8889323,N,N,Y,N,N,N,N,N
2021-07-12,,서울특별시 구로구 고척동 124-10,,주소지미존재,,,N,N,Y,N,N,N,N,N
2021-07-13,서울특별시 구로구 도림천로 340-1,서울특별시 구로구 구로동 72-9,,,37.49448514,126.8940316,N,Y,N,N,N,N,N,N
2021-07-13,서울특별시 구로구 오리로15길 32,서울특별시 구로구 궁동 213-42,,,37.4938915,126.8314768,N,Y,N,N,N,N,N,N
2021-07-13,서울특별시 구로구 중앙로 45,,,주소지미존재,,,N,N,Y,N,N,N,N,N
2021-07-13,서울특별시 구로구 구로중앙로 20-1,서울특별시 구로구 구로동 138-12,,,37.49208143,126.8917502,N,N,Y,N,N,N,N,N
2021-07-14,서울특별시 구로구 남부순환로 775,서울특별시 구로구 개봉동 492,서울특별시 구로구 개봉동 푸르지오110동 ,,37.50156787,126.8471623,N,Y,N,N,N,N,N,N
2021-07-15,서울특별시 구로구 구로동로 5-8,서울특별시 구로구 가리봉동 121-46,,,37.4826043,126.8865871,N,N,Y,N,N,N,N,N
2021-07-15,서울특별시 구로구 구일로4길 22,서울특별시 구로구 구로동 685-223,,,37.49116709,126.8756454,N,N,Y,N,N,N,N,N
2021-07-15,,서울특별시 구로구 개봉동 375-19,,주소지미존재,,,N,N,Y,N,N,N,N,N
2021-07-15,,서울특별시 구로구 구로동 685-225,,주소지미존재,,,N,N,Y,N,N,N,N,N
2021-07-15,서울특별시 구로구 경인로20나길 14,서울특별시 구로구 오류동 48-3,,,37.49513583,126.8430128,N,N,Y,N,N,N,N,N
2021-07-16,,서울특별시 구로구 고척동 158-2,,주소지미존재,,,N,Y,N,N,N,N,N,N
2021-07-16,서울특별시 구로구 구로중앙로 48,서울특별시 구로구 구로동 90,,,37.49485972,126.8910999,N,N,Y,N,N,N,N,N
2021-07-19,서울특별시 구로구 가마산로 241-1,서울특별시 구로구 구로동 65,,,37.49477647,126.8876395,N,Y,N,N,N,N,N,N
2021-07-19,서울특별시 구로구 도림천로 344,서울특별시 구로구 구로동 120,,,37.4940693,126.8939084,N,Y,N,N,N,N,N,N
2021-07-19,서울특별시 구로구 부일로1길 26-12,서울특별시 구로구 온수동 157,,,37.4922154,126.8212048,N,N,Y,N,N,N,N,N
2021-07-19,서울특별시 구로구 신도림로11길 9-12,서울특별시 구로구 신도림동 396-31,,,37.50843239,126.8794251,N,N,Y,N,N,N,N,N
2021-07-19,서울특별시 구로구 오류로 66-8,서울특별시 구로구 오류동 156-144,,,37.49034191,126.8409769,N,N,Y,N,N,N,N,N
2021-07-19,서울특별시 구로구 새말로16길 70,서울특별시 구로구 구로동 43-4,,,37.50286612,126.8919466,N,N,Y,N,N,N,N,N
2021-07-19,서울특별시 구로구 구일로2길 29,서울특별시 구로구 구로동 700-32,,,37.48894481,126.8773341,N,N,Y,N,N,N,N,N
2021-07-19,서울특별시 구로구 구로중앙로26길 10,서울특별시 구로구 구로동 442-88,,,37.49745311,126.8873792,N,N,Y,N,N,N,N,N
2021-07-20,서울특별시 구로구 구로중앙로31길 30,서울특별시 구로구 구로동 505-17,,,37.49878906,126.8847856,N,Y,N,N,N,N,N,N
2021-07-20,,서울특별시 구로구 구로동 603-13,,주소지미존재,,,N,Y,N,N,N,N,N,N
2021-07-20,서울특별시 구로구 구로중앙로 178-1,서울특별시 구로구 구로동 603-31,,,37.50274513,126.8803736,N,Y,N,N,N,N,N,N
2021-07-20,서울특별시 구로구 경인로 572,서울특별시 구로구 구로동 603-9,,,37.50330627,126.8810839,N,Y,N,N,N,N,N,N
2021-07-20,,서울특별시 구로구 구로동 603-46,,주소지미존재,,,N,Y,N,N,N,N,N,N
2021-07-20,,서울특별시 구로구 구로동 603-46,,주소지미존재,,,N,Y,N,N,N,N,N,N
2021-07-20,,서울특별시 구로구 구로동 603-46,,주소지미존재,,,N,Y,N,N,N,N,N,N
2021-07-20,서울특별시 구로구 구로중앙로 176-1,서울특별시 구로구 구로동 596-2,,,37.50253352,126.8805835,N,Y,N,N,N,N,N,N
2021-07-20,서울특별시 구로구 연동로 233,서울특별시 구로구 항동 100-5,,,37.48170609,126.8206977,N,N,Y,N,N,N,N,N
2021-07-20,서울특별시 구로구 오리로9길 22,서울특별시 구로구 오류동 217-20,,,37.48757403,126.8357812,N,N,Y,N,N,N,N,N
2021-07-21,서울특별시 구로구 구로중앙로32나길 22-3,서울특별시 구로구 구로동 551-8,,,37.50159439,126.8861467,N,Y,N,N,N,N,N,N
2021-07-21,서울특별시 구로구 경인로 319,서울특별시 구로구 개봉동 156-5,,,37.49759938,126.8556011,N,Y,N,N,N,N,N,N
2021-07-21,서울특별시 구로구 중앙로 101,서울특별시 구로구 고척동 329,,,37.50628298,126.8599326,N,Y,N,N,N,N,N,N
2021-07-21,서울특별시 구로구 구로중앙로34길 32,서울특별시 구로구 구로동 501-5,,,37.50065129,126.8848197,Y,N,N,N,N,N,N,N
2021-07-21,서울특별시 구로구 도림천로 477,서울특별시 구로구 구로동 810-3,,,37.48531492,126.9014944,N,N,Y,N,N,N,N,N
2021-07-22,서울특별시 구로구 도림천로 477,서울특별시 구로구 구로동 810-3,,,37.48531492,126.9014944,N,Y,N,N,N,N,N,N
2021-07-22,서울특별시 구로구 가마산로26길 52,서울특별시 구로구 구로동 90-3,,,37.49417152,126.891873,N,N,Y,N,N,N,N,N
2021-07-22,서울특별시 구로구 경인로 343,서울특별시 구로구 고척동 336,,,37.4983033,126.8574325,N,N,N,N,Y,N,N,N
2021-07-22,서울특별시 구로구 경인로 618,서울특별시 구로구 신도림동 439-5,,,37.50624517,126.8847174,N,Y,N,N,N,N,N,N
2021-07-23,서울특별시 구로구 경인로 343,서울특별시 구로구 고척동 336,,,37.4983033,126.8574325,N,N,N,N,Y,N,N,N
2021-07-26,서울특별시 구로구 경인로47다길 4,서울특별시 구로구 고척동 46-19,,,37.50342595,126.863985,N,N,Y,N,N,N,N,N
2021-07-26,서울특별시 구로구 구일로 64,서울특별시 구로구 구로동 685-220,,,37.49190259,126.874113,N,N,Y,N,N,N,N,N
2021-07-26,서울특별시 구로구 새말로 117-23,서울특별시 구로구 구로동 1-4,,,37.50786593,126.8917044,N,N,Y,N,N,N,N,N
2021-07-28,서울특별시 구로구 경인로 557,서울특별시 구로구 구로동 606-4,,,37.50310865,126.8790091,N,Y,N,N,N,N,N,N
2021-07-29,서울특별시 구로구 디지털로26길 87,서울특별시 구로구 구로동 829,,,37.4816772,126.8969654,N,N,Y,N,N,N,N,N
2021-07-29,서울특별시 구로구 구로중앙로25길 30,서울특별시 구로구 구로동 442-147,,,37.49706659,126.8870117,N,N,Y,N,N,N,N,N
2021-07-29,서울특별시 구로구 구로중앙로28나길 48,서울특별시 구로구 구로동 535-2,,,37.49777277,126.8884065,N,Y,N,N,N,N,N,N
2021-07-30,서울특별시 구로구 오류로 73,서울특별시 구로구 오류동 159-3,,,37.49116984,126.8405675,N,N,Y,N,N,N,N,N
2021-07-30,서울특별시 구로구 구로중앙로28길 66,서울특별시 구로구 구로동 109-4,,,37.50010311,126.8893378,N,N,Y,N,N,N,N,N
2021-07-30,서울특별시 구로구 부일로 878-1,서울특별시 구로구 온수동 119-11,,,37.49280927,126.8246429,N,Y,N,N,N,N,N,N
2021-07-30,서울특별시 구로구 오리로21길 79,서울특별시 구로구 궁동 232,,,37.4975694,126.8273517,N,N,Y,N,N,N,N,N
2021-08-02,서울특별시 구로구 중앙로 76,서울특별시 구로구 고척동 174-23,,,37.50444791,126.8617685,N,Y,N,N,N,N,N,N
2021-08-02,서울특별시 구로구 서해안로24길 22,서울특별시 구로구 오류동 332-59,,,37.48968652,126.8391127,N,N,Y,N,N,N,N,N
2021-08-02,,서울특별시 구로구 온수동 산1-2,,주소지미존재,,,N,Y,N,N,N,N,N,N
2021-08-02,,서울특별시 구로구 온수동 7-2,,주소지미존재,,,N,Y,N,N,N,N,N,N
2021-08-02,서울특별시 구로구 경인로67길 67-35,서울특별시 구로구 신도림동 330-44,,,37.51167577,126.8881646,N,N,Y,N,N,N,N,N
2021-08-02,서울특별시 구로구 오류로 59,서울특별시 구로구 오류동 166-8,,,37.49003028,126.8399317,N,N,Y,N,N,N,N,N
2021-08-02,서울특별시 구로구 개봉로1길 48,서울특별시 구로구 개봉동 367-4,,,37.48469825,126.8542344,N,N,Y,N,N,N,N,N
2021-08-02,,서울특별시 구로구 온수동 산1-5,,주소지미존재,,,N,Y,N,N,N,N,N,N
2021-08-02,,서울특별시 구로구 오류동 331-4,,주소지미존재,,,N,Y,N,N,N,N,N,N
2021-08-02,,서울특별시 구로구 오류동 331-4,,주소지미존재,,,N,Y,N,N,N,N,N,N
2021-08-02,,서울특별시 구로구 오류동 331-4,,주소지미존재,,,N,Y,N,N,N,N,N,N
2021-08-02,서울특별시 구로구 부일로 927,서울특별시 구로구 궁동 290,,,37.49363866,126.8297057,N,Y,N,N,N,N,N,N
2021-08-02,서울특별시 구로구 부일로 933,서울특별시 구로구 궁동 230-12,,,37.49337642,126.8308619,N,Y,N,N,N,N,N,N
2021-08-02,,서울특별시 구로구 궁동 213-47,,주소지미존재,,,N,Y,N,N,N,N,N,N
2021-08-02,,서울특별시 구로구 궁동 202-3,,주소지미존재,,,N,Y,N,N,N,N,N,N
2021-08-02,서울특별시 구로구 디지털로31길 38-21,서울특별시 구로구 구로동 197-33,,,37.48652382,126.8937133,Y,N,N,N,N,N,N,N
2021-08-03,서울특별시 구로구 오리로21길 33-4,서울특별시 구로구 궁동 89-10,,,37.49837121,126.826987,N,Y,N,N,N,N,N,N
2021-08-03,서울특별시 구로구 구로중앙로28길 66,서울특별시 구로구 구로동 109-4,,,37.50010311,126.8893378,N,N,Y,N,N,N,N,N
2021-08-03,서울특별시 구로구 디지털로31길 120,서울특별시 구로구 구로동 1280,,,37.48847002,126.890773,N,N,Y,N,N,N,N,N
2021-08-03,서울특별시 구로구 오리로22가길 79,서울특별시 구로구 궁동 32-3,,,37.50235907,126.8294736,N,N,Y,N,N,N,N,N
2021-08-04,,서울특별시 구로구 궁동 206-3,,주소지미존재,,,N,Y,N,N,N,N,N,N
2021-08-04,서울특별시 구로구 개봉로 48,서울특별시 구로구 개봉동 403-68,,,37.48992051,126.8563835,N,Y,N,N,N,N,N,N
2021-08-04,서울특별시 구로구 경인로 240,서울특별시 구로구 오류동 33-33,,,37.49747539,126.8475648,N,Y,N,N,N,N,N,N
2021-08-04,서울특별시 구로구 경인로 322,서울특별시 구로구 개봉동 161-25,,,37.49705574,126.8559233,N,Y,N,N,N,N,N,N
2021-08-04,서울특별시 구로구 구일로8길 63,서울특별시 구로구 구로동 642-9,,,37.49635665,126.8732949,Y,N,N,N,N,N,N,N
2021-08-04,서울특별시 구로구 디지털로32나길 68-1,서울특별시 구로구 구로동 1119,,,37.48546786,126.9000371,N,Y,N,N,N,N,N,N
2021-08-04,서울특별시 구로구 경서로 53,서울특별시 구로구 고척동 134-30,,,37.50182225,126.8587659,N,N,N,N,Y,N,N,N
2021-08-04,,서울특별시 구로구 궁동 213-23,,주소지미존재,,,N,Y,N,N,N,N,N,N
2021-08-04,서울특별시 구로구 부일로 927,서울특별시 구로구 궁동 290,,,37.49363866,126.8297057,N,Y,N,N,N,N,N,N
2021-08-04,,서울특별시 구로구 온수동 9-32,,주소지미존재,,,N,Y,N,N,N,N,N,N
2021-08-04,서울특별시 구로구 신도림로 51,서울특별시 구로구 신도림동 390-9,,,37.50882056,126.8809541,N,N,Y,N,N,N,N,N
2021-08-04,서울특별시 구로구 경인로65길 16-15,서울특별시 구로구 신도림동 646,,,37.50936225,126.8865446,N,N,Y,N,N,N,N,N
2021-8--5,,서울특별시 구로구 개봉동 123-5,,주소지미존재,,,N,N,N,N,Y,N,N,N
2021-8--5,,서울특별시 구로구 구로동 256-6,,주소지미존재,,,N,Y,N,N,N,N,N,N
2021-8--5,서울특별시 구로구 고척로 130,서울특별시 구로구 개봉동 126-30,,,37.50209975,126.8482915,N,N,N,N,Y,N,N,N
2021-8--5,서울특별시 구로구 구일로8길 79,서울특별시 구로구 구로동 1268,,,37.49674244,126.8745485,Y,N,N,N,N,N,N,N
2021-8--5,,서울특별시 구로구 개봉동 371-20,,주소지미존재,,,N,N,N,N,N,N,N,Y
2021-8--5,서울특별시 구로구 중앙로144길 44,,,주소지미존재,,,N,N,Y,N,N,N,N,N
2021-08-06,서울특별시 구로구 중앙로12길 12,서울특별시 구로구 고척동 320,,,37.50495917,126.8618782,N,Y,N,N,N,N,N,N
2021-08-06,서울특별시 구로구 개봉로 71,서울특별시 구로구 개봉동 403-206,,,37.49209383,126.8555745,N,N,N,N,Y,N,N,N
2021-08-06,,서울특별시 구로구 고척동 249-112,,주소지미존재,,,N,N,Y,N,N,N,N,N
2021-08-06,서울특별시 구로구 개봉로 69,서울특별시 구로구 개봉동 403-50,,,37.49190332,126.8556101,N,N,N,N,Y,N,N,N
2021-08-06,서울특별시 구로구 남부순환로105가길 22-10,서울특별시 구로구 가리봉동 136-63,,,37.47951953,126.8932735,N,N,Y,N,N,N,N,N
2021-08-09,서울특별시 구로구 개봉로23가길 30,서울특별시 구로구 개봉동 416-146,,,37.49506475,126.8580465,Y,N,N,N,N,N,N,N
2021-08-09,,서울특별시 구로구 고척동 176-20,,주소지미존재,,,N,Y,N,N,N,N,N,N
2021-08-09,서울특별시 구로구 신도림로 35,서울특별시 구로구 신도림동 396-82,,,37.50778349,126.8796916,N,N,Y,N,N,N,N,N
2021-08-09,서울특별시 구로구 구로중앙로 223,서울특별시 구로구 구로동 611-1,,,37.50546474,126.8765365,N,N,Y,N,N,N,N,N
2021-08-10,서울특별시 구로구 개봉로16길 27-1,서울특별시 구로구 개봉동 262-14,,,37.49020295,126.8577778,Y,N,N,N,N,N,N,N
2021-08-10,서울특별시 구로구 개봉로 49,서울특별시 구로구 개봉동 403-108,,,37.490112,126.8558112,Y,N,N,N,N,N,N,N
2021-08-10,서울특별시 구로구 구로중앙로28길 40,서울특별시 구로구 구로동 109,,,37.49953661,126.8880601,Y,N,N,N,N,N,N,N
2021-08-10,서울특별시 구로구 고척로27바길 37-12,서울특별시 구로구 고척동 산 13-15,,,37.50793725,126.8473718,N,N,Y,N,N,N,N,N
2021-08-11,서울특별시 구로구 공원로6가길 4,서울특별시 구로구 구로동 44-7,,,37.5018901,126.8916001,N,N,Y,N,N,N,N,N
2021-08-11,서울특별시 구로구 개봉로3가길 69,서울특별시 구로구 개봉동 370-6,,,37.48322875,126.8532508,N,N,Y,N,N,N,N,N
2021-08-12,서울특별시 구로구 구로동로7길 48,서울특별시 구로구 구로동 714-32,,,37.48665412,126.8839559,N,N,Y,N,N,N,N,N
2021-08-12,서울특별시 구로구 구로동로8길 69,서울특별시 구로구 구로동 743-3,,,37.48878382,126.8873955,N,N,Y,N,N,N,N,N
2021-08-13,서울특별시 구로구 개봉로16길 30-11,서울특별시 구로구 개봉동 266,,,37.48952491,126.857976,N,Y,N,N,N,N,N,N
2021-08-13,서울특별시 구로구 공원로6길 25,서울특별시 구로구 구로동 44-5,,,37.50218704,126.8916637,N,N,Y,N,N,N,N,N
2021-08-13,서울특별시 구로구 오리로23길 14-29,서울특별시 구로구 궁동 54-2,,,37.50193369,126.8271095,N,N,Y,N,N,N,N,N
2021-08-13,서울특별시 구로구 도림로 90,서울특별시 구로구 구로동 147-4,,,37.49038024,126.8934282,N,Y,N,N,N,N,N,N
2021-08-13,서울특별시 구로구 오리로9길 25,서울특별시 구로구 오류동 214-4,서울특별시 구로구 오남중 정문 옆,,37.48705969,126.837249,N,N,Y,N,N,N,N,N
2021-08-13,서울특별시 구로구 구로동로42길 2,서울특별시 구로구 구로동 460-4,,,37.49580159,126.8828573,N,N,Y,N,N,N,N,N
2021-08-17,서울특별시 구로구 오리로21길 16-13,서울특별시 구로구 궁동 99-1,,,37.49940303,126.8279062,N,Y,N,N,N,N,N,N
2021-08-17,,서울특별시 구로구 고척동 253-117,,주소지미존재,,,Y,N,N,N,N,N,N,N
2021-08-17,서울특별시 구로구 가마산로12가길 12,서울특별시 구로구 구로동 413-15,,,37.49232318,126.8830565,N,N,Y,N,N,N,N,N
2021-08-17,서울특별시 구로구 구로중앙로 6,서울특별시 구로구 구로동 142-77,,,37.49108694,126.8927768,N,Y,N,N,N,N,N,N
2021-08-17,서울특별시 구로구 시흥대로161길 20,서울특별시 구로구 구로동 1132-4,,,37.47992616,126.8981833,N,N,Y,N,N,N,N,N
2021-08-18,서울특별시 구로구 시흥대로 545-1,서울특별시 구로구 구로동 1126-14,,,37.4819719,126.9002919,N,Y,N,N,N,N,N,N
2021-08-18,서울특별시 구로구 공원로 73-1,서울특별시 구로구 구로동 50,,,37.50302756,126.8883489,N,Y,N,N,N,N,N,N
2021-08-18,서울특별시 구로구 고척로 128,서울특별시 구로구 개봉동 126-32,,,37.50203669,126.8480919,N,Y,N,N,N,N,N,N
2021-08-18,서울특별시 구로구 오리로 1189,서울특별시 구로구 오류동 223-5,,,37.48885973,126.8351769,N,N,Y,N,N,N,N,N
2021-08-18,서울특별시 구로구 오리로 1189,서울특별시 구로구 오류동 223-5,,,37.48885973,126.8351769,N,N,Y,N,N,N,N,N
2021-08-18,서울특별시 구로구 오리로11길 21,서울특별시 구로구 오류동 267-3,,,37.48852962,126.8351848,N,N,Y,N,N,N,N,N
2021-08-18,서울특별시 구로구 오리로11길 21,서울특별시 구로구 오류동 267-3,,,37.48852962,126.8351848,N,N,Y,N,N,N,N,N
2021-08-18,서울특별시 구로구 남부순환로107길 1,서울특별시 구로구 가리봉동 136-77,,,37.47907338,126.8933094,N,N,Y,N,N,N,N,N
2021-08-18,서울특별시 구로구 디지털로33길 11,서울특별시 구로구 구로동 191-7,,,37.48570578,126.8955127,N,N,Y,N,N,N,N,N
2021-08-18,서울특별시 구로구 고척로21가길 84-42,서울특별시 구로구 개봉동 57-2,,,37.50160494,126.8425253,N,Y,N,N,N,N,N,N
2021-08-18,서울특별시 구로구 구로중앙로26가길 8-2,,,주소지미존재,,,N,Y,N,N,N,N,N,N
2021-08-18,서울특별시 구로구 도림천로 477,서울특별시 구로구 구로동 810-3,,,37.48531492,126.9014944,N,N,Y,N,N,N,N,N
2021-08-18,서울특별시 구로구 경서로9길 35,서울특별시 구로구 고척동 148-53,,,37.50361787,126.8577989,N,N,Y,N,N,N,N,N
2021-08-19,서울특별시 구로구 구로동로7길 66,서울특별시 구로구 가리봉동 13-35,,,37.48652801,126.8829924,N,N,Y,N,N,N,N,N
2021-08-19,서울특별시 구로구 경인로47길 34-1,서울특별시 구로구 고척동 52-217,,,37.50090549,126.8662041,N,N,Y,N,N,N,N,N
2021-08-19,서울특별시 구로구 구로동로7길 70,서울특별시 구로구 가리봉동 2-40,,,37.48648269,126.8828021,N,N,Y,N,N,N,N,N
2021-08-19,서울특별시 구로구 구로중앙로 6,서울특별시 구로구 구로동 142-77,,,37.49108694,126.8927768,N,Y,N,N,N,N,N,N
2021-08-19,,서울특별시 구로구 고척동 164-35,,주소지미존재,,,N,N,Y,N,N,N,N,N
2021-08-19,서울특별시 구로구 오리로22다길 18,서울특별시 구로구 궁동 137-2,,,37.50121442,126.8307198,N,N,Y,N,N,N,N,N
2021-08-19,서울특별시 구로구 고척로21가길 89-26,,,주소지미존재,,,N,Y,N,N,N,N,N,N
2021-08-20,서울특별시 구로구 고척로21가길 84-42,서울특별시 구로구 개봉동 57-2,,,37.50160494,126.8425253,N,Y,N,N,N,N,N,N
2021-08-20,서울특별시 구로구 신도림로 110,서울특별시 구로구 신도림동 312-17,,,37.51162427,126.8860352,N,N,Y,N,N,N,N,N
2021-08-20,서울특별시 구로구 서해안로26길 10,서울특별시 구로구 오류동 135-76,,,37.49225836,126.8421885,N,N,Y,N,N,N,N,N
2021-08-20,서울특별시 구로구 고척로 52,서울특별시 구로구 오류동 341,,,37.49856841,126.8404707,N,N,Y,N,N,N,N,N
2021-08-20,서울특별시 구로구 경인로67길 23,서울특별시 구로구 신도림동 338-3,,,37.51070955,126.8892324,N,N,Y,N,N,N,N,N
2021-08-20,서울특별시 구로구 디지털로32길 93,서울특별시 구로구 구로동 1124-21,,,37.48313667,126.9004469,N,N,Y,N,N,N,N,N
2021-08-23,서울특별시 구로구 가마산로 231,서울특별시 구로구 구로동 440,서울특별시 구로구 구로동  보광아파트앞,,37.49501733,126.8846651,N,Y,N,N,N,N,N,N
2021-08-23,서울특별시 구로구 고척로3길 119,서울특별시 구로구 오류동 1-101,,,37.49745845,126.8356644,N,N,Y,N,N,N,N,N
2021-08-23,서울특별시 구로구 고척로25길 9,서울특별시 구로구 개봉동 416-190,,,37.50234531,126.8469942,N,N,Y,N,N,N,N,N
2021-08-23,서울특별시 구로구 천왕로 56,서울특별시 구로구 천왕동 278,,,37.48305321,126.8389147,N,N,Y,N,N,N,N,N
2021-08-23,서울특별시 구로구 디지털로35길 31,서울특별시 구로구 구로동 181-9,,,37.48760986,126.8955975,N,N,Y,N,N,N,N,N
2021-08-23,서울특별시 구로구 경인로67나길 52,서울특별시 구로구 신도림동 276-13,,,37.51369518,126.8804263,N,N,Y,N,N,N,N,N
2021-08-23,서울특별시 구로구 구로중앙로25길 30,서울특별시 구로구 구로동 442-147,,,37.49706659,126.8870117,N,N,Y,N,N,N,N,N
2021-08-24,,서울특별시 구로구 신도림동 332-2,,주소지미존재,,,N,N,N,N,Y,N,N,N
2021-08-24,,서울특별시 구로구 고척동 186-4,,주소지미존재,,,N,N,Y,N,N,N,N,N
2021-08-24,서울특별시 구로구 오리로 1149,서울특별시 구로구 오류동 352-2,,,37.48660236,126.8382475,N,N,Y,N,N,N,N,N
2021-08-25,서울특별시 구로구 가마산로12가길 12,서울특별시 구로구 구로동 413-15,,,37.49232318,126.8830565,N,N,Y,N,N,N,N,N
2021-08-25,서울특별시 구로구 고척로6길 42,서울특별시 구로구 오류동 11-25,,,37.49658197,126.84108,N,N,Y,N,N,N,N,N
2021-08-25,서울특별시 구로구 새말로 117-23,서울특별시 구로구 구로동 1-4,,,37.50786593,126.8917044,N,N,Y,N,N,N,N,N
2021-08-25,,서울특별시 구로구 구로동 로28길64-7,,주소지미존재,,,N,N,Y,N,N,N,N,N
2021-08-25,서울특별시 구로구 구로중앙로11길 9,서울특별시 구로구 구로동 139-137,,,37.49195377,126.8908785,N,Y,N,N,N,N,N,N
2021-08-25,서울특별시 구로구 오류로 45,서울특별시 구로구 오류동 172-76,,,37.48881354,126.8395133,N,Y,N,N,N,N,N,N
2021-08-25,서울특별시 구로구 새말로 117-6,서울특별시 구로구 구로동 3-55,,,37.5074418,126.8922686,N,N,Y,N,N,N,N,N
2021-08-25,서울특별시 구로구 도림로 94,서울특별시 구로구 구로동 147-6,,,37.49066836,126.8936076,N,N,Y,N,N,N,N,N
2021-08-25,서울특별시 구로구 새말로 120,서울특별시 구로구 구로동 26-1,,,37.50632083,126.8928253,N,N,Y,N,N,N,N,N
2021-08-26,서울특별시 구로구 고척로6길 17-6,서울특별시 구로구 오류동 13-138,,,37.4973181,126.8406211,N,Y,N,N,N,N,N,N
2021-08-26,서울특별시 구로구 구일로8길 31,서울특별시 구로구 구로동 1058,,,37.49517251,126.8726762,N,N,Y,N,N,N,N,N
2021-08-26,서울특별시 구로구 고척로52길 21,서울특별시 구로구 고척동 308,,,37.50470117,126.857139,N,N,Y,N,N,N,N,N
2021-08-26,서울특별시 구로구 고척로23길 16,서울특별시 구로구 개봉동 97-19,,,37.50243173,126.8465223,N,N,Y,N,N,N,N,N
2021-08-26,서울특별시 구로구 새말로18길 64,서울특별시 구로구 구로동 42,,,37.50364842,126.8919104,N,N,Y,N,N,N,N,N
2021-08-26,서울특별시 구로구 구로중앙로26가18-2,,,주소지미존재,,,N,N,Y,N,N,N,N,N
2021-08-26,서울특별시 구로구 부일로1길 26-12,서울특별시 구로구 온수동 157,,,37.4922154,126.8212048,N,N,Y,N,N,N,N,N
2021-08-26,서울특별시 구로구 부일로 933,서울특별시 구로구 궁동 230-12,,,37.49337642,126.8308619,N,N,Y,N,N,N,N,N
2021-08-26,서울특별시 구로구 경인로27길 19,서울특별시 구로구 오류동 31-302,,,37.49739005,126.8445803,N,N,Y,N,N,N,N,N
2021-08-26,서울특별시 구로구 경인로33길 10,서울특별시 구로구 개봉동 139-107,,,37.49852877,126.8523256,N,N,Y,N,N,N,N,N
2021-08-26,서울특별시 구로구 오류로 72,서울특별시 구로구 오류동 156-99,,,37.49092696,126.8409261,N,N,Y,N,N,N,N,N
2021-08-26,,서울특별시 구로구 구로동 로47길21,,주소지미존재,,,N,N,Y,N,N,N,N,N
2021-08-27,서울특별시 구로구 공원로7길 11,서울특별시 구로구 구로동 110,,,37.50189433,126.8884955,N,Y,N,N,N,N,N,N
2021-08-27,서울특별시 구로구 시흥대로 533,서울특별시 구로구 구로동 1131-2,,,37.48116511,126.8995205,N,Y,N,N,N,N,N,N
2021-08-27,서울특별시 구로구 경인로 212,서울특별시 구로구 오류동 55-52,,,37.49606578,126.8445302,N,Y,N,N,N,N,N,N
2021-08-27,서울특별시 구로구 공원로 67,서울특별시 구로구 구로동 546-3,,,37.50235183,126.8884632,N,N,Y,N,N,N,N,N
2021-08-27,,서울특별시 구로구 구로동 61-2,,주소지미존재,,,N,N,Y,N,N,N,N,N
2021-08-27,서울특별시 구로구 새말로 117-23,서울특별시 구로구 구로동 1-4,,,37.50786593,126.8917044,N,N,Y,N,N,N,N,N
2021-08-30,서울특별시 구로구 구로중앙로8길 41-23,서울특별시 구로구 구로동 1285,,,37.49368104,126.892994,Y,N,N,N,N,N,N,N
2021-08-30,서울특별시 구로구 개봉로1길 80,서울특별시 구로구 개봉동 370-26,,,37.48352181,126.8536552,N,Y,N,N,N,N,N,N
2021-08-30,,서울특별시 구로구 구로동 로207,,주소지미존재,,,N,Y,N,N,N,N,N,N
2021-08-30,서울특별시 구로구 개봉로23가길 26,서울특별시 구로구 개봉동 206-2,,,37.49514057,126.8576421,N,Y,N,N,N,N,N,N
2021-08-30,서울특별시 구로구 가마산로15길 20,서울특별시 구로구 구로동 426-150,,,37.49418828,126.8841757,N,N,Y,N,N,N,N,N
2021-08-30,서울특별시 구로구 고척로 238,서울특별시 구로구 고척동 333,,,37.50617829,126.8594037,N,N,Y,N,N,N,N,N
2021-08-30,서울특별시 구로구 중앙로3길 53,서울특별시 구로구 고척동 76-284,,,37.49844029,126.8617086,N,N,Y,N,N,N,N,N
2021-08-30,,서울특별시 구로구 구로동 로101-1,,주소지미존재,,,N,Y,N,N,N,N,N,N
2021-08-30,서울특별시 구로구 도림로 103,서울특별시 구로구 구로동 126-28,,,37.49148089,126.8942166,N,N,Y,N,N,N,N,N
2021-08-30,서울특별시 구로구 구일로8길 63,서울특별시 구로구 구로동 642-9,,,37.49635665,126.8732949,N,N,Y,N,N,N,N,N
2021-08-30,서울특별시 구로구 경인로67길 67-44,서울특별시 구로구 신도림동 330-33,,,37.51182304,126.8879261,N,N,Y,N,N,N,N,N
2021-08-30,서울특별시 구로구 구로중앙로 113,서울특별시 구로구 구로동 515-10,,,37.49854041,126.8854705,N,N,Y,N,N,N,N,N
2021-08-31,서울특별시 구로구 도림로 104,서울특별시 구로구 구로동 153-3,,,37.49118978,126.8945197,Y,N,N,N,N,N,N,N
2021-08-31,서울특별시 구로구 개봉로17길 7,서울특별시 구로구 개봉동 328-17,,,37.49156343,126.8553665,N,N,Y,N,N,N,N,N
2021-08-31,서울특별시 구로구 디지털로31길 38-21,서울특별시 구로구 구로동 197-33,,,37.48652382,126.8937133,N,N,Y,N,N,N,N,N
2021-09-01,서울특별시 구로구 디지털로33길 12,서울특별시 구로구 구로동 184-1,,,37.4865551,126.8961621,N,Y,N,N,N,N,N,N
2021-09-01,서울특별시 구로구 구로중앙로 197,서울특별시 구로구 신도림동 406-10,,,37.50390643,126.8779048,N,Y,N,N,N,N,N,N
2021-09-01,서울특별시 구로구 경인로 552,서울특별시 구로구 구로동 600-57,,,37.50221802,126.8791136,N,Y,N,N,N,N,N,N
2021-09-01,서울특별시 구로구 경인로 537,서울특별시 구로구 구로동 600-78,,,37.50192265,126.8778664,N,Y,N,N,N,N,N,N
2021-09-01,서울특별시 구로구 경인로 590,서울특별시 구로구 신도림동 413-49,,,37.50441806,126.8823855,N,Y,N,N,N,N,N,N
2021-09-01,서울특별시 구로구 디지털로27라길 67,서울특별시 구로구 구로동 779-2,,,37.48741886,126.8898492,N,N,Y,N,N,N,N,N
2021-09-01,서울특별시 구로구 개봉로15길 74-15,서울특별시 구로구 개봉동 337-4,,,37.49057152,126.8515248,N,N,Y,N,N,N,N,N
2021-09-01,서울특별시 구로구 구로중앙로28길 24,서울특별시 구로구 구로동 528-1,,,37.49919326,126.8874127,N,N,Y,N,N,N,N,N
2021-09-01,서울특별시 구로구 구로중앙로28길 35-5,서울특별시 구로구 구로동 113-6,,,37.49982495,126.8874122,N,N,Y,N,N,N,N,N
2021-09-01,서울특별시 구로구 새말로 93,서울특별시 구로구 구로동 1267,,,37.50623441,126.8891034,N,N,Y,N,N,N,N,N
2021-09-02,서울특별시 구로구 가마산로 250,서울특별시 구로구 구로동 83-4,,,37.49481403,126.8886765,N,Y,N,N,N,N,N,N
2021-09-02,서울특별시 구로구 남부순환로 1275,서울특별시 구로구 가리봉동 136-80,,,37.47920893,126.8926603,N,Y,N,N,N,N,N,N
2021-09-02,서울특별시 구로구 구로동 2길 60,,,주소지미존재,,,N,N,Y,N,N,N,N,N
2021-09-02,,서울특별시 구로구 온수동 산1-4,,주소지미존재,,,N,N,Y,N,N,N,N,N
